City_ID,City,Country,Date,Lat,Lng,Max Temp,Humidity,Cloudiness,Wind Speed
0,Esperance,AU,2022-11-07 02:00:30,-33.8667,121.9,57.04,79,100,17.58
1,Albany,US,2022-11-07 01:57:35,42.6001,-73.9662,68.72,88,78,1.01
2,Ouricuri,BR,2022-11-07 02:00:31,-7.8825,-40.0817,75.47,73,100,7.96
3,Hobart,AU,2022-11-07 01:56:10,-42.8794,147.3294,72.05,62,20,13.8
4,Qaanaaq,GL,2022-11-07 02:00:31,77.484,-69.3632,-1.71,92,100,7.78
5,Beloha,MG,2022-11-07 02:00:31,-25.1667,45.05,70.16,82,100,3.85
6,Jamestown,US,2022-11-07 02:00:00,42.097,-79.2353,57.72,85,18,1.01
7,Bonavista,CA,2022-11-07 02:00:32,48.6499,-53.1147,50.11,96,100,14.45
8,Hilo,US,2022-11-07 02:00:32,19.7297,-155.09,79.25,91,100,1.01
9,Margate,GB,2022-11-07 02:00:33,51.3813,1.3862,54.3,87,74,5.99
10,Punta Arenas,CL,2022-11-07 02:00:33,-53.15,-70.9167,57.11,58,91,11.45
11,Opuwo,NA,2022-11-07 02:00:34,-18.0607,13.84,61.66,53,41,1.19
12,Belmonte,BR,2022-11-07 02:00:34,-15.8631,-38.8828,72.03,76,81,10.71
13,Ushuaia,AR,2022-11-07 01:56:55,-54.8,-68.3,47.86,87,0,3.44
14,Vaini,TO,2022-11-07 02:00:35,-21.2,-175.2,75.33,73,2,13.4
15,Victoria,HK,2022-11-07 01:59:13,22.2855,114.1577,70.32,89,83,5.01
16,Soe,ID,2022-11-07 02:00:36,-9.8607,124.284,84.31,43,100,3.42
17,Nalvo,PH,2022-11-07 02:00:37,16.8096,120.5108,83.46,63,37,4.05
18,New Norfolk,AU,2022-11-07 02:00:37,-42.7826,147.0587,71.91,39,43,3.0
19,Tuktoyaktuk,CA,2022-11-07 02:00:38,69.4541,-133.0374,1.62,87,8,7.65
20,Cabra,ES,2022-11-07 02:00:38,37.4725,-4.4421,54.46,34,51,3.58
21,Hamilton,US,2022-11-07 01:59:42,39.1834,-84.5333,62.1,57,4,4.14
22,Saskylakh,RU,2022-11-07 02:00:39,71.9167,114.0833,-23.76,100,50,2.71
23,Tuatapere,NZ,2022-11-07 02:00:39,-46.1333,167.6833,61.65,55,71,9.82
24,Bud,US,2022-11-07 02:00:40,39.447,-86.1758,57.31,71,0,5.17
25,Salalah,OM,2022-11-07 01:59:26,17.0151,54.0924,74.46,79,0,3.31
26,Minden,DE,2022-11-07 02:00:40,52.2833,8.9167,52.47,75,62,16.11
27,Hay River,CA,2022-11-07 02:00:40,60.8156,-115.7999,10.36,67,75,17.27
28,Kharp,RU,2022-11-07 02:00:41,66.8014,65.8081,19.0,92,100,5.73
29,Dikson,RU,2022-11-07 02:00:41,73.5069,80.5464,7.43,92,100,8.14
30,Butaritari,KI,2022-11-07 02:00:41,3.0707,172.7902,79.56,76,37,6.46
31,Kodiak,US,2022-11-07 02:00:42,57.79,-152.4072,30.67,65,100,4.03
32,Atuona,PF,2022-11-07 02:00:42,-9.8,-139.0333,77.04,68,67,11.59
33,Pisco,PE,2022-11-07 02:00:42,-13.7,-76.2167,61.02,84,5,2.26
34,Alofi,NU,2022-11-07 02:00:43,-19.0595,-169.9187,76.12,68,3,12.88
35,Cherskiy,RU,2022-11-07 02:00:43,68.75,161.3,-3.1,100,53,4.09
36,Avarua,CK,2022-11-07 02:00:44,-21.2078,-159.775,77.05,65,40,8.05
37,Faanui,PF,2022-11-07 02:00:44,-16.4833,-151.75,77.65,80,100,19.77
38,Rikitea,PF,2022-11-07 02:00:44,-23.1203,-134.9692,72.07,82,100,14.92
39,Bluff,NZ,2022-11-07 02:00:45,-46.6,168.3333,65.8,64,90,19.55
40,Campbell River,CA,2022-11-07 02:00:21,50.0163,-125.2446,36.93,100,100,4.61
41,Mataura,NZ,2022-11-07 02:00:45,-46.1927,168.8643,65.48,45,92,8.66
42,Juan Lacaze,UY,2022-11-07 02:00:46,-34.4342,-57.4381,63.12,66,0,21.3
43,Souillac,MU,2022-11-07 02:00:46,-20.5167,57.5167,71.98,78,40,2.3
44,Boyolangu,ID,2022-11-07 02:00:46,-8.1181,111.8935,82.18,76,94,4.72
45,Gold Coast,AU,2022-11-07 02:01:47,-28.0,153.4333,80.78,66,19,16.11
46,Ribeira Grande,PT,2022-11-07 02:01:47,38.5167,-28.7,65.77,77,100,14.0
47,Sitka,US,2022-11-07 02:01:47,57.0531,-135.33,26.69,46,0,10.78
48,Cape Town,ZA,2022-11-07 02:00:05,-33.9258,18.4232,63.12,87,96,1.01
49,La Palma,US,2022-11-07 02:00:31,33.8464,-118.0467,65.97,83,0,4.0
50,Ahipara,NZ,2022-11-07 02:01:48,-35.1667,173.1667,65.3,60,81,11.56
51,Turbat,PK,2022-11-07 02:01:48,26.0023,63.044,74.44,74,43,3.0
52,Jiaojiang,CN,2022-11-07 02:01:49,28.6803,121.4428,72.0,64,0,2.55
53,Talnakh,RU,2022-11-07 02:01:49,69.4865,88.3972,22.1,97,100,6.58
54,Torbay,CA,2022-11-07 02:01:50,47.6666,-52.7314,55.58,96,100,3.0
55,Broken Hill,AU,2022-11-07 02:01:50,-31.95,141.4333,77.14,25,0,5.1
56,Hithadhoo,MV,2022-11-07 02:01:50,-0.6,73.0833,81.43,76,46,12.59
57,Kapaa,US,2022-11-07 01:59:25,22.0752,-159.319,82.38,80,100,5.01
58,Putina,PE,2022-11-07 02:01:51,-15.4667,-69.4333,42.69,72,3,10.27
59,Druzhba,UA,2022-11-07 02:01:51,52.0428,33.9453,35.67,82,100,8.97
60,Sao Filipe,CV,2022-11-07 02:01:51,14.8961,-24.4956,77.88,68,0,4.41
61,Alta Floresta,BR,2022-11-07 01:59:58,-9.8756,-56.0861,75.96,64,36,1.7
62,Saint-Philippe,RE,2022-11-07 02:01:52,-21.3585,55.7679,69.39,82,47,9.57
63,Andenes,NO,2022-11-07 02:01:52,69.3143,16.1194,39.18,75,100,13.8
64,Troitskoye,RU,2022-11-07 02:01:23,52.9821,84.6757,30.06,69,50,6.85
65,Puerto Ayora,EC,2022-11-07 02:01:53,-0.7393,-90.3518,66.54,86,77,5.01
66,East London,ZA,2022-11-07 02:01:53,-33.0153,27.9116,66.67,80,100,18.23
67,Krasnoselkup,RU,2022-11-07 02:01:54,65.7,82.4667,16.56,96,100,6.55
68,Ayan,RU,2022-11-07 02:01:54,56.45,138.1667,24.57,52,46,7.38
69,Los Llanos De Aridane,ES,2022-11-07 02:01:54,28.6585,-17.9182,67.75,87,100,6.91
70,Volsk,RU,2022-11-07 02:01:54,52.0333,47.3833,31.57,76,16,4.12
71,Campo De La Cruz,CO,2022-11-07 02:01:56,10.3781,-74.8836,73.24,93,100,2.37
72,Paamiut,GL,2022-11-07 02:01:56,61.994,-49.6678,16.45,81,21,7.9
73,Camana,PE,2022-11-07 02:01:56,-16.6228,-72.7111,63.16,81,4,6.64
74,Saint George,US,2022-11-07 01:58:46,37.1041,-113.5841,62.94,39,0,5.01
75,North Bend,US,2022-11-07 02:00:25,43.4065,-124.2243,44.92,96,100,8.05
76,Busselton,AU,2022-11-07 02:00:32,-33.65,115.3333,68.67,58,69,10.71
77,Pangnirtung,CA,2022-11-07 01:59:33,66.1451,-65.7125,4.05,66,0,6.22
78,Yellowknife,CA,2022-11-07 02:01:27,62.456,-114.3525,-1.44,77,87,8.01
79,Vestmannaeyjar,IS,2022-11-07 02:01:57,63.4427,-20.2734,42.49,65,35,8.66
80,Pasuruan,ID,2022-11-07 02:01:57,-7.6453,112.9075,84.09,67,100,2.51
81,Bredasdorp,ZA,2022-11-07 01:59:19,-34.5322,20.0403,63.95,85,100,3.0
82,Avera,US,2022-11-07 02:01:58,33.194,-82.5271,70.56,90,0,5.17
83,Kudahuvadhoo,MV,2022-11-07 02:01:58,2.6708,72.8944,81.36,78,95,12.28
84,Mar Del Plata,AR,2022-11-07 02:00:33,-38.0023,-57.5575,63.09,88,10,20.0
85,Pathein,MM,2022-11-07 02:01:58,16.7833,94.7333,77.14,77,98,6.29
86,Husavik,IS,2022-11-07 02:01:59,66.0449,-17.3389,38.64,97,100,6.2
87,Maniitsoq,GL,2022-11-07 02:01:59,65.4167,-52.9,16.47,64,0,8.16
88,Yerbogachen,RU,2022-11-07 02:01:59,61.2767,108.0108,17.17,96,100,4.03
89,Vila,PT,2022-11-07 02:02:00,42.0304,-8.1588,47.28,92,10,4.92
90,Diamantino,BR,2022-11-07 02:02:00,-14.4086,-56.4461,75.15,43,0,2.71
91,Kasane,BW,2022-11-07 02:02:00,-17.8167,25.15,69.58,80,100,2.75
92,Obama,JP,2022-11-07 02:03:01,35.4958,135.746,57.96,45,0,2.48
93,Yar-Sale,RU,2022-11-07 02:03:01,66.8333,70.8333,25.61,96,100,5.35
94,Provideniya,RU,2022-11-07 02:03:02,64.3833,-173.3,35.71,100,100,13.42
95,Castro,BR,2022-11-07 02:03:02,-24.7911,-50.0119,47.82,98,3,5.19
96,Barrow,US,2022-11-07 02:02:31,71.2906,-156.7887,21.22,93,100,17.27
97,Bradford,GB,2022-11-07 02:00:29,53.7939,-1.7521,48.61,88,20,11.5
98,Aklavik,CA,2022-11-07 02:02:33,68.2191,-135.0107,-5.84,89,4,6.73
99,Codrington,AU,2022-11-07 02:03:03,-38.2667,141.9667,71.69,60,6,4.05
100,Maputo,MZ,2022-11-07 02:03:03,-25.9653,32.5892,67.53,85,68,6.51
101,Roros,NO,2022-11-07 02:03:04,62.5747,11.3842,30.04,100,100,2.3
102,Peterhead,GB,2022-11-07 02:03:04,57.5058,-1.7981,43.2,85,100,12.33
103,Cairns,AU,2022-11-07 01:58:05,-16.9167,145.7667,93.07,63,3,17.27
104,Jalu,LY,2022-11-07 02:02:42,29.0331,21.5482,62.26,49,0,8.84
105,Rio Grande,BR,2022-11-07 02:03:05,-32.035,-52.0986,61.84,80,0,15.1
106,Port Macquarie,AU,2022-11-07 02:03:05,-31.4333,152.9167,69.89,61,71,9.95
107,Guayaramerin,BO,2022-11-07 02:03:05,-10.8368,-65.3614,75.51,44,100,3.09
108,Arraial Do Cabo,BR,2022-11-07 02:03:06,-22.9661,-42.0278,69.03,68,25,5.21
109,Port Elizabeth,ZA,2022-11-07 02:03:06,-33.918,25.5701,66.09,93,99,5.01
110,Kusu,JP,2022-11-07 02:03:07,33.2831,131.1514,64.36,53,37,1.57
111,Honiara,SB,2022-11-07 02:03:07,-9.4333,159.95,84.56,73,83,7.0
112,Bandarbeyla,SO,2022-11-07 02:00:01,9.4942,50.8122,77.09,82,4,5.23
113,Vestmanna,FO,2022-11-07 02:03:08,62.1564,-7.1664,45.52,81,100,14.97
114,Paros,GR,2022-11-07 02:03:09,37.0833,25.15,63.63,73,76,4.18
115,Mahanoro,MG,2022-11-07 02:03:10,-19.9,48.8,69.48,90,100,5.1
116,Asau,RO,2022-11-07 02:03:10,46.4333,26.4,49.28,92,86,2.93
117,Severo-Kurilsk,RU,2022-11-07 02:03:11,50.6789,156.125,36.72,67,80,28.14
118,Moba,CN,2022-11-07 02:03:11,33.2288,105.0179,48.07,76,100,2.26
119,Nome,US,2022-11-07 02:02:15,64.5011,-165.4064,30.16,95,100,9.08
120,Orange Walk,BZ,2022-11-07 02:03:12,17.8333,-88.8333,73.49,93,30,3.51
121,Thompson,CA,2022-11-07 02:03:13,55.7435,-97.8558,12.36,85,100,10.36
122,Nikolskoye,RU,2022-11-07 02:03:13,59.7035,30.7861,40.89,94,95,8.7
123,Grand Junction,US,2022-11-07 02:01:50,39.0639,-108.5507,52.34,74,0,3.44
124,Matay,EG,2022-11-07 02:03:14,28.419,30.7792,62.22,39,5,1.45
125,Mahon,ES,2022-11-07 02:03:15,39.8885,4.2658,63.16,88,75,3.44
126,Pinega,RU,2022-11-07 02:03:15,64.7001,43.3936,32.36,94,100,9.64
127,Lucapa,AO,2022-11-07 02:03:16,-8.4192,20.7447,64.98,97,100,1.43
128,Lyngseidet,NO,2022-11-07 02:03:17,69.5763,20.2189,39.2,86,94,7.18
129,Carnarvon,AU,2022-11-07 02:03:00,-24.8667,113.6333,69.28,61,66,16.13
130,Flagstaff,US,2022-11-07 02:03:18,35.1981,-111.6513,47.86,59,0,1.01
131,Sao Jose Da Coroa Grande,BR,2022-11-07 02:03:19,-8.8978,-35.1478,75.81,89,97,2.48
132,Sorata,BO,2022-11-07 02:03:20,-15.7667,-68.6333,41.45,83,88,4.65
133,Kochi,IN,2022-11-07 02:03:20,9.9399,76.2602,77.02,88,100,3.06
134,Japura,ID,2022-11-07 02:03:21,-0.3167,102.35,76.8,88,100,2.68
135,Mayo,US,2022-11-07 02:03:21,38.8876,-76.5119,72.5,88,100,10.36
136,Yumen,CN,2022-11-07 02:03:22,40.2833,97.2,36.73,36,7,11.25
137,Palmer,US,2022-11-07 02:02:38,42.1584,-72.3287,68.38,74,40,13.8
138,Christchurch,NZ,2022-11-07 01:59:26,-43.5333,172.6333,67.32,59,75,4.61
139,Lebu,CL,2022-11-07 02:04:23,-37.6167,-73.65,51.17,89,34,10.94
140,Benton,US,2022-11-07 02:04:23,36.3334,-94.3335,60.71,70,0,4.61
141,Itupiranga,BR,2022-11-07 02:04:23,-5.1347,-49.3267,75.52,94,98,1.97
142,Novo Aripuana,BR,2022-11-07 02:04:24,-5.1206,-60.3797,76.3,81,84,3.71
143,Touros,BR,2022-11-07 02:04:24,-5.1989,-35.4608,78.3,73,47,13.35
144,Port Alfred,ZA,2022-11-07 02:02:18,-33.5906,26.891,66.18,84,100,8.01
145,Port Hedland,AU,2022-11-07 02:04:25,-20.3167,118.5667,78.85,57,71,20.71
146,Noumea,NC,2022-11-07 02:04:26,-22.2763,166.4572,82.0,99,61,17.2
147,Esmeraldas,BR,2022-11-07 02:04:26,-19.7625,-44.3139,68.86,77,6,4.72
148,Port Blair,IN,2022-11-07 02:04:26,11.6667,92.75,82.44,78,75,5.75
149,Portland,US,2022-11-07 02:03:44,45.5234,-122.6762,41.61,93,100,3.0
150,Cockburn Town,TC,2022-11-07 02:04:27,21.4612,-71.1419,75.22,88,100,14.54
151,Hasaki,JP,2022-11-07 02:04:07,35.7333,140.8333,61.2,53,100,9.44
152,Buraydah,SA,2022-11-07 02:04:27,26.326,43.975,60.57,68,6,7.61
153,Tiksi,RU,2022-11-07 02:04:28,71.6872,128.8694,0.84,93,100,20.74
154,Chokurdakh,RU,2022-11-07 02:04:28,70.6333,147.9167,5.05,93,100,18.14
155,Kruisfontein,ZA,2022-11-07 02:04:29,-34.0033,24.7314,62.89,84,99,3.22
156,Koslan,RU,2022-11-07 02:04:29,63.4564,48.8989,26.2,95,100,7.36
157,Visakhapatnam,IN,2022-11-07 02:04:31,17.69,83.2093,71.49,94,61,2.3
158,Nzega,RW,2022-11-07 02:04:31,-2.479,29.5564,54.05,89,98,4.05
159,Airai,TL,2022-11-07 02:04:31,-8.9266,125.4092,74.07,52,100,1.66
160,Beinamar,TD,2022-11-07 02:04:32,8.6698,15.3813,70.14,39,85,2.66
161,Iqaluit,CA,2022-11-07 02:04:32,63.7506,-68.5145,4.82,86,10,9.48
162,Luderitz,NA,2022-11-07 02:04:32,-26.6481,15.1594,60.85,89,100,4.52
163,Hermanus,ZA,2022-11-07 02:04:33,-34.4187,19.2345,63.81,81,100,10.8
164,Evensk,RU,2022-11-07 02:04:33,61.95,159.2333,28.29,94,100,6.15
165,Gazojak,TM,2022-11-07 02:04:34,41.1875,61.4036,48.07,74,89,14.09
166,Naples,IT,2022-11-07 02:04:34,40.8333,14.25,61.14,79,0,3.44
167,Awbari,LY,2022-11-07 02:04:35,26.5921,12.7805,56.89,26,0,5.48
168,San Luis,AR,2022-11-07 02:04:35,-33.295,-66.3356,71.38,28,100,9.71
169,Tasiilaq,GL,2022-11-07 02:02:59,65.6145,-37.6368,32.16,75,100,4.83
170,Adrar,MR,2022-11-07 02:04:36,20.5022,-10.0711,74.7,15,100,6.98
171,Bacolod,PH,2022-11-07 02:04:36,10.6667,122.95,86.22,70,70,7.47
172,Clyde River,CA,2022-11-07 02:04:36,70.4692,-68.5914,-9.54,85,54,3.87
173,Bumba,CD,2022-11-07 02:04:37,2.1833,22.4667,69.44,99,100,1.72
174,Udachnyy,RU,2022-11-07 02:04:37,66.4167,112.4,-18.67,100,97,3.85
175,Caravelas,BR,2022-11-07 02:04:37,-17.7125,-39.2481,71.74,68,98,7.74
176,Namibe,AO,2022-11-07 02:04:38,-15.1961,12.1522,67.95,65,0,5.08
177,Whitehorse,CA,2022-11-07 02:04:38,60.7161,-135.0538,5.02,98,47,3.6
178,Dingle,PH,2022-11-07 02:04:38,10.9995,122.6711,85.23,73,98,8.9
179,Bredy,RU,2022-11-07 02:04:39,52.4153,60.3411,21.22,92,99,6.33
180,Waipawa,NZ,2022-11-07 02:04:39,-41.4122,175.5153,64.6,51,52,9.8
181,Olafsvik,IS,2022-11-07 02:04:39,64.8945,-23.7142,41.29,70,0,12.97
182,La Roda,ES,2022-11-07 02:04:40,39.2167,-2.15,53.91,36,30,5.1
183,Acari,PE,2022-11-07 02:04:40,-15.4311,-74.6158,66.49,71,14,3.87
184,Klaksvik,FO,2022-11-07 02:05:01,62.2266,-6.589,47.32,90,100,30.2
185,Igarka,RU,2022-11-07 02:05:41,67.4667,86.5833,18.84,96,100,5.35
186,Ampanihy,MG,2022-11-07 02:05:41,-24.7,44.75,69.49,85,46,4.36
187,Ust-Maya,RU,2022-11-07 02:05:42,60.4167,134.5333,-0.87,88,99,7.65
188,Kikwit,CD,2022-11-07 02:05:42,-5.041,18.8162,66.49,98,100,1.86
189,Chuy,UY,2022-11-07 02:05:43,-33.6971,-53.4616,58.21,87,0,9.33
190,Dawlatabad,AF,2022-11-07 02:05:43,36.4141,64.9053,53.11,81,43,15.37
191,Carnduff,CA,2022-11-07 02:05:43,49.1667,-101.8009,17.38,78,100,18.99
192,Bambous Virieux,MU,2022-11-07 02:05:44,-20.3428,57.7575,71.85,78,40,2.3
193,Grindavik,IS,2022-11-07 02:05:44,63.8424,-22.4338,39.67,87,0,4.61
194,Georgetown,MY,2022-11-07 02:02:39,5.4112,100.3354,82.24,80,20,2.3
195,Porgera,PG,2022-11-07 02:05:46,-5.4667,143.2,55.13,73,82,3.74
196,Verkhnyaya Inta,RU,2022-11-07 02:05:47,65.9811,60.3094,32.22,98,100,12.19
197,Bang Saphan,TH,2022-11-07 02:05:47,11.2126,99.5117,77.97,85,100,4.72
198,Puno,PE,2022-11-07 02:01:23,-15.8333,-70.0333,46.83,63,0,3.71
199,Balkanabat,TM,2022-11-07 02:05:48,39.5108,54.3671,44.58,62,80,10.67
200,Huarmey,PE,2022-11-07 02:05:48,-10.0681,-78.1522,63.91,84,24,8.25
201,San Jose,US,2022-11-07 02:01:52,37.3394,-121.895,59.29,62,75,8.05
202,Siddipet,IN,2022-11-07 02:05:48,18.1,78.85,69.53,66,10,0.76
203,Edd,ER,2022-11-07 02:05:49,13.9297,41.6925,82.89,55,5,9.08
204,Vila Do Maio,CV,2022-11-07 02:05:49,15.1333,-23.2167,75.99,66,0,10.18
205,Halifax,CA,2022-11-07 02:03:12,44.6453,-63.5724,61.5,91,100,5.99
206,Maceio,BR,2022-11-07 02:05:50,-9.6658,-35.7353,74.64,94,75,2.3
207,Matara,LK,2022-11-07 02:05:50,5.9485,80.5353,77.92,84,60,1.92
208,Bonthe,SL,2022-11-07 02:05:50,7.5264,-12.505,76.33,87,59,2.33
209,San Quintin,MX,2022-11-07 02:05:51,30.4833,-115.95,63.43,81,58,8.39
210,Xinmin,CN,2022-11-07 02:05:51,41.9908,122.8253,47.01,33,1,10.54
211,Tazovskiy,RU,2022-11-07 02:05:36,67.4667,78.7,19.0,97,94,6.22
212,Cururupu,BR,2022-11-07 02:05:51,-1.8283,-44.8683,74.28,94,53,3.15
213,Verkhoyansk,RU,2022-11-07 02:01:15,67.5447,133.385,-0.09,96,100,4.47
214,Kathu,TH,2022-11-07 02:05:38,7.9178,98.3332,83.7,99,100,13.4
215,Homer,US,2022-11-07 02:05:52,59.6425,-151.5483,28.27,47,0,3.44
216,Rocha,UY,2022-11-07 02:05:52,-34.4833,-54.3333,53.53,95,0,6.33
217,Gizo,SB,2022-11-07 02:04:48,-8.103,156.8419,83.61,71,100,3.27
218,Tiznit,MA,2022-11-07 02:05:53,29.5833,-9.5,66.43,39,0,2.17
219,Dukat,RU,2022-11-07 02:05:53,62.55,155.55,7.97,97,97,5.06
220,Traverse City,US,2022-11-07 02:02:10,44.7631,-85.6206,54.34,73,75,16.11
221,Debica,PL,2022-11-07 02:05:54,50.0515,21.4114,48.25,94,5,4.54
222,Atambua,ID,2022-11-07 02:05:54,-9.1061,124.8925,85.91,55,100,2.68
223,Cidreira,BR,2022-11-07 02:05:55,-30.1811,-50.2056,62.74,80,8,13.44
224,Ouallam,NE,2022-11-07 02:05:55,14.3188,2.0866,74.14,14,0,10.54
225,Puga,MX,2022-11-07 02:05:56,21.5833,-104.8167,68.07,100,40,0.0
226,Mahajanga,MG,2022-11-07 02:05:56,-15.7167,46.3167,73.42,100,40,2.3
227,Bagdarin,RU,2022-11-07 02:05:56,54.4333,113.6,20.66,71,100,1.72
228,Pitimbu,BR,2022-11-07 02:05:57,-7.4706,-34.8086,77.59,80,59,10.49
229,Ilulissat,GL,2022-11-07 02:03:56,69.2167,-51.1,-2.83,94,39,6.96
230,Soure,BR,2022-11-07 02:06:57,-0.7167,-48.5233,79.54,81,81,7.65
231,Joshimath,IN,2022-11-07 02:06:58,30.5667,79.5667,54.86,41,100,3.49
232,Albanel,CA,2022-11-07 02:06:58,48.8832,-72.4487,54.39,66,100,7.61
233,Villa Rica,US,2022-11-07 02:06:59,33.7321,-84.9191,72.68,71,100,4.52
234,Sola,VU,2022-11-07 02:03:48,-13.8833,167.55,81.18,72,14,9.1
235,Leningradskiy,RU,2022-11-07 02:06:59,69.3833,178.4167,15.64,80,1,8.81
236,Ancud,CL,2022-11-07 02:06:59,-41.8697,-73.8203,48.9,87,9,3.51
237,Syracuse,IT,2022-11-07 02:05:35,37.0881,15.2792,56.32,70,0,5.44
238,Taoudenni,ML,2022-11-07 02:07:00,22.6783,-3.9836,74.95,15,52,9.48
239,Acarau,BR,2022-11-07 02:07:00,-2.8856,-40.12,77.86,82,95,7.76
240,Wajima,JP,2022-11-07 02:07:00,37.4,136.9,60.17,51,2,7.76
241,Lagos,NG,2022-11-07 02:07:01,6.5833,3.75,76.06,89,34,2.39
242,Saldanha,ZA,2022-11-07 02:07:01,-33.0117,17.9442,61.77,93,100,8.16
243,Yulara,AU,2022-11-07 02:05:38,-25.2406,130.9889,80.44,34,100,17.27
244,Mitsamiouli,KM,2022-11-07 02:07:01,-11.3847,43.2844,77.0,83,10,13.69
245,Warner Robins,US,2022-11-07 02:06:20,32.621,-83.5999,74.52,91,20,5.75
246,Hambantota,LK,2022-11-07 02:07:02,6.1241,81.1185,71.94,100,20,1.14
247,Maneadero,MX,2022-11-07 02:07:02,31.7167,-116.5667,62.1,78,0,1.01
248,Baracoa,CU,2022-11-07 02:07:02,20.3467,-74.4958,74.64,86,2,2.84
249,Itoman,JP,2022-11-07 02:07:03,26.1247,127.6694,77.02,69,75,14.97
250,Sorkjosen,NO,2022-11-07 02:07:03,69.8,20.9333,39.2,65,75,18.41
251,Mitha Tiwana,PK,2022-11-07 02:07:04,32.2486,72.1108,64.98,69,55,6.46
252,Anadyr,RU,2022-11-07 02:07:04,64.75,177.4833,30.7,80,0,8.95
253,Camacha,PT,2022-11-07 02:07:04,33.0833,-16.3333,63.82,82,40,3.44
254,Haapiti,PF,2022-11-07 02:07:05,-17.5667,-149.8667,74.93,93,100,20.65
255,Dalby,AU,2022-11-07 02:07:05,-27.1833,151.2667,75.97,36,22,1.99
256,Umm Lajj,SA,2022-11-07 02:07:06,25.0213,37.2685,74.03,56,0,9.93
257,Omaruru,NA,2022-11-07 02:07:06,-21.4333,15.9333,57.83,68,86,9.22
258,Coquimbo,CL,2022-11-07 02:07:06,-29.9533,-71.3436,56.93,88,40,0.0
259,Qaqortoq,GL,2022-11-07 02:07:07,60.7167,-46.0333,28.2,95,90,3.06
260,Marsh Harbour,BS,2022-11-07 02:05:40,26.5412,-77.0636,80.06,70,0,24.23
261,Lazarev,RU,2022-11-07 02:07:07,52.225,141.5131,29.66,55,83,14.74
262,Meridian,US,2022-11-07 02:07:07,43.6121,-116.3915,47.32,72,75,16.11
263,Roskovec,AL,2022-11-07 02:07:08,40.7375,19.7022,57.09,77,6,2.71
264,Kenai,US,2022-11-07 02:02:32,60.5544,-151.2583,20.14,69,57,6.93
265,Zemio,CF,2022-11-07 02:07:08,5.0314,25.1361,69.67,96,100,3.06
266,Atar,MR,2022-11-07 02:07:08,20.5169,-13.0499,77.7,15,99,5.55
267,Esna,EG,2022-11-07 02:07:09,25.2934,32.554,64.96,38,0,7.7
268,Yashan,CN,2022-11-07 02:07:09,22.1975,109.9419,74.52,69,0,5.73
269,Necochea,AR,2022-11-07 02:07:09,-38.5473,-58.7368,60.46,65,99,17.56
270,Nanga Eboko,CM,2022-11-07 02:07:12,4.6833,12.3667,66.38,89,100,1.21
271,Miyako,JP,2022-11-07 02:08:10,39.6367,141.9525,56.53,51,100,2.24
272,Komsomolskiy,UZ,2022-11-07 02:06:33,40.4272,71.7189,47.12,93,100,4.61
273,Dhidhdhoo,MV,2022-11-07 02:07:41,6.8833,73.1,80.73,68,7,3.69
274,Khatanga,RU,2022-11-07 02:08:10,71.9667,102.5,-9.58,95,91,5.17
275,Bilibino,RU,2022-11-07 02:08:11,68.0546,166.4372,2.26,96,65,3.96
276,Zaysan,KZ,2022-11-07 02:08:11,47.4667,84.8667,41.9,65,100,2.33
277,Koumra,TD,2022-11-07 02:08:11,8.9126,17.5539,71.92,43,33,4.32
278,Hovd,MN,2022-11-07 02:03:51,48.0056,91.6419,34.48,56,91,6.49
279,Thurso,GB,2022-11-07 02:08:12,58.5927,-3.5259,50.25,85,98,8.9
280,Nouadhibou,MR,2022-11-07 02:07:35,20.931,-17.0347,70.14,78,0,13.2
281,Pacific Grove,US,2022-11-07 02:05:26,36.6177,-121.9166,56.88,75,100,8.05
282,Sao Joao Da Barra,BR,2022-11-07 02:05:36,-21.6403,-41.0511,67.24,75,3,5.97
283,Saint Anthony,US,2022-11-07 02:08:12,45.0205,-93.218,42.73,43,0,19.57
284,Contamana,PE,2022-11-07 02:08:13,-7.3333,-75.0167,78.42,58,98,1.03
285,Batsfjord,NO,2022-11-07 02:08:13,70.6345,29.7185,33.73,80,76,14.97
286,Tambau,BR,2022-11-07 02:08:13,-21.705,-47.2744,59.07,81,12,7.34
287,Arlit,NE,2022-11-07 02:08:14,18.7369,7.3853,70.81,20,1,5.53
288,Bethel,US,2022-11-07 02:08:14,41.3712,-73.414,68.09,82,0,8.05
289,Saint-Ambroise,CA,2022-11-07 02:08:14,48.5501,-71.3324,62.58,56,100,9.86
290,Nioro,GM,2022-11-07 02:08:15,13.35,-15.75,73.92,60,2,4.9
291,Antofagasta,CL,2022-11-07 02:04:46,-23.65,-70.4,60.08,83,56,5.97
292,Bulawayo,ZW,2022-11-07 02:08:15,-20.15,28.5833,66.69,77,15,8.16
293,Beyneu,KZ,2022-11-07 02:08:16,45.3167,55.2,35.06,73,99,17.07
294,Geraldton,AU,2022-11-07 02:04:18,-28.7667,114.6,68.41,49,40,13.8
295,Loiza,PR,2022-11-07 02:08:16,18.4313,-65.8802,80.6,80,40,4.61
296,Benguela,AO,2022-11-07 02:08:16,-12.5763,13.4055,74.21,81,88,3.0
297,Malmesbury,ZA,2022-11-07 02:08:17,-33.4608,18.7271,61.77,90,98,2.01
298,Chiredzi,ZW,2022-11-07 02:08:17,-21.05,31.6667,71.37,90,10,6.85
299,Vasai,IN,2022-11-07 02:08:18,19.47,72.8,77.09,52,100,4.0
300,Saint-Augustin,CA,2022-11-07 02:08:18,51.226,-58.6502,44.92,99,100,4.5
301,Mari-Turek,RU,2022-11-07 02:08:19,56.7895,49.6235,25.68,92,81,7.47
302,Waling,NP,2022-11-07 02:08:19,27.9833,83.7667,62.78,68,11,2.04
303,Berdigestyakh,RU,2022-11-07 02:08:19,62.0989,126.6992,-12.98,96,45,5.59
304,Maumere,ID,2022-11-07 02:08:20,-8.6199,122.2111,86.14,65,96,1.12
305,Aojiang,CN,2022-11-07 02:08:20,22.9421,116.0359,72.55,74,40,8.37
306,Walvis Bay,NA,2022-11-07 02:08:20,-22.9575,14.5053,68.79,62,89,7.52
307,Te Anau,NZ,2022-11-07 02:05:26,-45.4167,167.7167,57.43,62,85,7.94
308,Pakokku,MM,2022-11-07 02:08:21,21.3333,95.1,77.72,65,0,5.03
309,Curtea,RO,2022-11-07 02:08:21,45.8167,22.3,51.28,86,42,2.1
310,Deputatskiy,RU,2022-11-07 02:08:22,69.3,139.9,-2.33,86,100,15.86
311,Zhigansk,RU,2022-11-07 02:08:22,66.7697,123.3711,-14.01,94,100,2.37
312,Kahta,TR,2022-11-07 02:08:22,37.7855,38.6237,56.57,36,60,4.03
313,Motygino,RU,2022-11-07 02:08:23,58.1831,94.7592,26.51,94,99,11.1
314,Bengkulu,ID,2022-11-07 02:08:23,-3.8004,102.2655,79.86,75,100,3.51
315,Fortuna,US,2022-11-07 02:05:17,40.5982,-124.1573,49.93,94,100,4.0
316,Port Lincoln,AU,2022-11-07 02:09:24,-34.7333,135.8667,74.1,49,3,14.29
317,Inhambane,MZ,2022-11-07 02:09:24,-23.865,35.3833,74.21,90,20,4.63
318,Garissa,KE,2022-11-07 02:09:25,-0.4536,39.6401,76.69,80,33,8.95
319,Kaitangata,NZ,2022-11-07 02:09:25,-46.2817,169.8464,66.94,43,27,8.32
320,Saint-Avold,FR,2022-11-07 02:09:25,49.1027,6.7006,50.5,96,73,12.73
321,Hofn,IS,2022-11-07 02:09:26,64.2539,-15.2082,40.95,89,100,14.18
322,La Crosse,US,2022-11-07 02:04:32,43.8014,-91.2396,48.85,39,0,13.8
323,Mahebourg,MU,2022-11-07 02:09:26,-20.4081,57.7,71.89,78,40,2.3
324,Nador,MA,2022-11-07 02:09:27,35.174,-2.9287,61.05,72,0,1.14
325,Mount Isa,AU,2022-11-07 02:09:27,-20.7333,139.5,85.77,39,0,10.36
326,Port Shepstone,ZA,2022-11-07 02:09:27,-30.7414,30.455,67.57,82,100,9.93
327,Glens Falls,US,2022-11-07 02:09:28,43.3095,-73.644,70.68,88,100,9.22
328,Sorong,ID,2022-11-07 02:05:22,-0.8833,131.25,83.08,75,100,1.19
329,Atherton,GB,2022-11-07 02:05:24,53.5237,-2.4935,49.28,91,56,1.99
330,Irbeyskoye,RU,2022-11-07 02:09:28,55.6428,95.4522,32.0,67,97,11.95
331,Tolaga Bay,NZ,2022-11-07 02:09:29,-38.3667,178.3,60.13,59,81,11.68
332,Plettenberg Bay,ZA,2022-11-07 02:09:29,-34.0527,23.3716,66.33,80,100,3.69
333,Koster,ZA,2022-11-07 02:09:29,-25.863,26.8976,61.56,82,93,3.71
334,Berlevag,NO,2022-11-07 02:09:30,70.8578,29.0864,35.6,80,57,16.11
335,Teknaf,BD,2022-11-07 02:09:30,20.8624,92.3058,77.11,76,23,4.97
336,Grand-Santi,GF,2022-11-07 02:09:30,4.25,-54.3833,72.7,99,100,1.36
337,Bitung,ID,2022-11-07 02:07:26,1.4451,125.1824,86.85,65,100,2.1
338,Orlik,RU,2022-11-07 02:07:33,52.5178,99.825,18.5,79,97,1.95
339,Kasama,ZM,2022-11-07 02:09:31,-10.2129,31.1808,63.73,84,20,1.21
340,Hudiksvall,SE,2022-11-07 02:09:31,61.729,17.1036,42.51,93,100,4.47
341,Kumo,NG,2022-11-07 02:09:32,10.0447,11.2122,72.37,29,93,6.85
342,San Juan Del Sur,NI,2022-11-07 02:09:32,11.2529,-85.8705,78.4,83,100,9.08
343,Nizhnevartovsk,RU,2022-11-07 02:09:32,60.9344,76.5531,26.62,100,100,4.47
344,Comodoro Rivadavia,AR,2022-11-07 02:09:33,-45.8667,-67.5,69.66,26,0,2.3
345,Tiarei,PF,2022-11-07 02:09:33,-17.5333,-149.3333,75.22,92,100,25.12
346,Nantucket,US,2022-11-07 02:09:33,41.2835,-70.0995,64.54,94,0,14.97
347,Kogon,UZ,2022-11-07 02:09:34,39.7228,64.5517,51.76,88,100,11.99
348,Sembakung,ID,2022-11-07 02:09:34,3.8167,117.25,87.06,67,85,1.45
349,Tinqueux,FR,2022-11-07 02:09:34,49.25,3.9833,54.28,82,75,10.36
350,Kholodnyy,RU,2022-11-07 02:09:35,62.7167,147.95,0.32,94,100,2.21
351,Tshela,CD,2022-11-07 02:09:35,-4.9833,12.9333,72.0,98,100,0.49
352,Havelock,US,2022-11-07 02:09:35,34.8791,-76.9013,71.58,94,0,0.0
353,Leh,IN,2022-11-07 02:09:36,34.1667,77.5833,28.49,68,100,3.62
354,Capreol,CA,2022-11-07 02:09:36,46.706,-80.9225,53.55,68,100,13.76
355,Kudirkos Naumiestis,LT,2022-11-07 02:09:36,54.7731,22.8631,38.32,88,100,6.8
356,Aracataca,CO,2022-11-07 02:09:37,10.5918,-74.1898,76.08,84,100,1.25
357,Gotsu,JP,2022-11-07 02:09:37,35.0,132.2167,61.36,61,1,5.3
358,Ponta Do Sol,PT,2022-11-07 02:05:04,32.6667,-17.1,67.71,87,28,1.45
359,Gorontalo,ID,2022-11-07 02:09:37,0.5412,123.0595,88.9,61,85,2.75
360,Tuy Hoa,VN,2022-11-07 02:07:16,13.0833,109.3,78.31,82,100,10.16
361,Islamkot,PK,2022-11-07 02:09:38,24.6997,70.177,73.53,49,76,8.32
362,Pontianak,ID,2022-11-07 02:10:38,-0.0333,109.3333,78.78,88,20,2.3
363,Porto Walter,BR,2022-11-07 02:10:39,-8.2686,-72.7439,77.5,50,63,2.62
364,Ugoofaaru,MV,2022-11-07 02:10:39,5.6667,73.0,80.47,75,80,4.81
365,Tukrah,LY,2022-11-07 02:10:39,32.5341,20.5791,68.31,69,37,17.96
366,San Patricio,US,2022-11-07 02:10:40,28.017,-97.5169,78.89,88,4,11.45
367,Wanaka,NZ,2022-11-07 02:10:40,-44.7,169.15,68.11,37,10,5.99
368,Victor Harbor,AU,2022-11-07 02:10:40,-35.5667,138.6167,83.68,65,4,1.01
369,Dzhebariki-Khaya,RU,2022-11-07 02:10:41,62.2167,135.8,-3.96,96,98,2.42
370,Jamame,SO,2022-11-07 02:10:41,0.0722,42.7506,75.81,87,28,5.77
371,Butembo,CD,2022-11-07 02:10:41,0.15,29.2833,57.16,96,100,2.01
372,Mahanje,TZ,2022-11-07 02:10:42,-9.9333,35.3333,62.06,83,64,3.31
373,Lamont,US,2022-11-07 02:10:42,35.2597,-118.9143,68.27,59,2,2.26
374,Mendeleyevsk,RU,2022-11-07 02:10:42,55.9082,52.2905,29.44,86,22,7.67
375,Vao,NC,2022-11-07 02:10:43,-22.6667,167.4833,75.6,82,93,17.34
376,Pevek,RU,2022-11-07 02:10:43,69.7008,170.3133,17.62,83,100,16.26
377,Calama,CL,2022-11-07 02:10:43,-22.4667,-68.9333,54.09,17,0,9.22
378,Saint-Pierre,RE,2022-11-07 02:10:44,-21.3393,55.4781,69.48,68,0,6.91
379,Padang,ID,2022-11-07 02:10:44,-0.9492,100.3543,78.85,81,100,3.27
380,Tuscaloosa,US,2022-11-07 02:10:44,33.2098,-87.5692,70.21,93,0,0.0
381,Kortkeros,RU,2022-11-07 02:10:45,61.8106,51.5806,26.6,94,98,5.91
382,Birjand,IR,2022-11-07 02:10:45,32.8663,59.2211,49.41,38,4,5.53
383,Sicamous,CA,2022-11-07 02:10:46,50.8331,-118.9856,33.19,86,100,5.75
384,Kiama,AU,2022-11-07 02:10:46,-34.6833,150.8667,76.37,67,8,8.99
385,Lodja,CD,2022-11-07 02:10:46,-3.4833,23.4333,67.05,95,100,0.69
386,Mbaiki,CF,2022-11-07 02:10:46,3.8678,17.9892,68.2,98,100,1.59
387,Saint-Georges,GD,2022-11-07 02:10:47,12.0564,-61.7485,79.12,82,99,9.06
388,Linguere,SN,2022-11-07 02:10:47,15.3953,-15.1193,82.99,14,100,5.55
389,Upernavik,GL,2022-11-07 02:09:29,72.7868,-56.1549,8.89,74,86,6.06
390,Longyearbyen,SJ,2022-11-07 02:10:48,78.2186,15.6401,28.24,86,75,11.5
391,Okhotsk,RU,2022-11-07 02:10:48,59.3833,143.3,11.52,58,68,6.02
392,Biak,ID,2022-11-07 02:10:48,-0.9131,122.8766,83.7,68,100,4.83
393,Karasjok,NO,2022-11-07 02:07:02,69.4719,25.5112,27.43,86,66,8.79
394,Fort Nelson,CA,2022-11-07 02:05:50,58.8053,-122.7002,-0.06,100,100,2.75
395,Champagnole,FR,2022-11-07 02:10:49,46.7445,5.9135,47.35,72,1,6.02
396,Bowen,AU,2022-11-07 02:10:49,-20.0167,148.2333,81.99,54,9,19.06
397,Lumbog,PH,2022-11-07 02:10:49,7.5581,123.2014,84.07,67,100,3.09
398,Sioux Lookout,CA,2022-11-07 02:10:50,50.1001,-91.917,24.44,94,33,4.21
399,Salinopolis,BR,2022-11-07 02:10:50,-0.6136,-47.3561,79.03,80,100,7.63
400,Rosita,NI,2022-11-07 02:10:50,13.9268,-84.4032,73.11,98,100,2.3
401,Vanimo,PG,2022-11-07 02:10:51,-2.6741,141.3028,87.28,63,97,4.83
402,Gat,IL,2022-11-07 02:10:51,31.61,34.7642,68.4,100,1,0.94
403,Tanout,NE,2022-11-07 02:10:51,14.9709,8.8879,70.77,20,72,10.36
404,Vila Franca Do Campo,PT,2022-11-07 02:10:52,37.7167,-25.4333,64.81,80,100,11.83
405,Zinder,NE,2022-11-07 02:10:52,13.8072,8.9881,70.11,21,54,7.96
406,Chase,CA,2022-11-07 02:10:52,50.8165,-119.6857,33.08,95,100,5.77
407,Norman Wells,CA,2022-11-07 02:10:53,65.282,-126.8329,6.82,90,90,5.79
408,Narasannapeta,IN,2022-11-07 02:10:53,18.4167,84.05,73.67,78,19,4.52
409,Harper,LR,2022-11-07 02:11:53,4.375,-7.7169,76.68,88,24,4.47
410,Saquena,PE,2022-11-07 02:11:54,-4.6667,-73.5167,74.97,77,100,3.2
411,Sheridan,US,2022-11-07 02:11:54,44.8333,-106.9173,32.02,54,0,0.0
412,Sakhnovshchyna,UA,2022-11-07 02:11:54,49.1517,35.872,34.21,79,100,5.82
413,Popondetta,PG,2022-11-07 02:11:55,-8.7537,148.2534,93.69,45,59,7.94
414,Lamu,KE,2022-11-07 02:11:55,-2.2717,40.902,77.22,88,4,9.19
415,Falam,MM,2022-11-07 02:11:55,22.9167,93.6833,61.97,82,5,0.78
416,Muravlenko,RU,2022-11-07 02:11:56,63.7898,74.523,6.73,97,46,4.76
417,Ouesso,CG,2022-11-07 02:11:56,1.6136,16.0517,68.99,99,100,1.32
418,Kutum,SD,2022-11-07 02:11:56,14.2,24.6667,65.59,29,1,6.26
419,Shakiso,ET,2022-11-07 02:11:57,5.75,38.9167,54.57,96,100,2.68
420,Dandong,CN,2022-11-07 02:11:15,40.1292,124.3947,45.9,94,100,3.83
421,Snasa,NO,2022-11-07 02:11:57,64.2457,12.3778,33.21,94,8,1.39
422,Kirensk,RU,2022-11-07 02:11:57,57.7853,108.1119,29.17,94,100,6.91
423,Bezhetsk,RU,2022-11-07 02:11:58,57.7851,36.6965,32.58,98,100,7.58
424,Syasstroy,RU,2022-11-07 02:11:58,60.1367,32.5691,38.01,93,100,13.96
425,Kununurra,AU,2022-11-07 02:11:58,-15.7667,128.7333,96.78,38,18,5.75
426,Nemuro,JP,2022-11-07 02:11:59,43.3236,145.575,45.93,53,23,2.98
427,Kupang,ID,2022-11-07 02:11:59,-10.1667,123.5833,90.18,66,20,3.44
428,Bontang,ID,2022-11-07 02:11:59,0.1333,117.5,80.65,84,97,6.6
429,Katsuura,JP,2022-11-07 02:12:00,35.1333,140.3,59.02,64,100,4.16
430,Pandan Niog,PH,2022-11-07 02:12:00,6.2282,120.5631,82.94,75,100,4.7
431,Shingu,JP,2022-11-07 02:12:00,33.7333,135.9833,64.9,51,100,3.24
432,Rantoul,US,2022-11-07 02:12:01,40.3084,-88.1559,55.02,90,0,5.75
433,Mae Chan,TH,2022-11-07 02:12:01,20.1467,99.8526,73.18,63,0,1.39
434,Dire Dawa,ET,2022-11-07 02:12:02,9.5931,41.8661,63.39,36,6,1.88
435,Lompoc,US,2022-11-07 02:12:02,34.6391,-120.4579,61.02,81,0,4.61
436,Coihaique,CL,2022-11-07 02:12:02,-45.5752,-72.0662,52.41,71,0,1.14
437,Osypenko,UA,2022-11-07 02:12:03,46.9136,36.8253,40.14,75,54,15.77
438,Alghero,IT,2022-11-07 02:12:03,40.5589,8.3181,50.09,100,20,2.3
439,Manthani,IN,2022-11-07 02:09:13,18.65,79.6667,70.32,75,5,1.19
440,Pontal Do Parana,BR,2022-11-07 02:12:03,-25.6533,-48.5128,60.66,88,50,4.76
441,Koungou,YT,2022-11-07 02:12:04,-12.7336,45.2042,76.71,83,20,4.61
442,Makakilo City,US,2022-11-07 02:12:04,21.3469,-158.0858,82.72,57,20,16.11
443,Nanortalik,GL,2022-11-07 02:12:04,60.1432,-45.2371,31.35,89,87,2.82
444,Port-Gentil,GA,2022-11-07 02:12:05,-0.7193,8.7815,76.6,85,100,6.51
445,Lagoa,PT,2022-11-07 02:12:05,39.05,-27.9833,64.62,78,100,28.45
446,Aloleng,PH,2022-11-07 02:12:05,16.1307,119.7824,83.75,68,12,3.4
447,Hailey,US,2022-11-07 02:12:06,43.5196,-114.3153,35.8,81,100,8.05
448,Kieta,PG,2022-11-07 02:12:06,-6.2167,155.6333,79.34,87,100,7.72
449,Kalmunai,LK,2022-11-07 02:09:20,7.4167,81.8167,77.97,81,73,5.82
450,Moses Lake,US,2022-11-07 02:12:07,47.1301,-119.2781,39.88,87,100,10.36
451,Peabiru,BR,2022-11-07 02:12:07,-23.9128,-52.3431,58.57,71,1,6.44
452,Carbonia,IT,2022-11-07 02:12:07,39.1672,8.5222,48.85,80,26,3.67
453,Cabo San Lucas,MX,2022-11-07 02:08:28,22.8909,-109.9124,74.52,72,20,11.5
454,Nyagan,RU,2022-11-07 02:12:08,62.1406,65.3936,13.78,98,65,2.66
455,Zyryanka,RU,2022-11-07 02:13:08,65.75,150.85,-8.07,94,46,4.79
456,Zyryanovsk,KZ,2022-11-07 02:13:08,49.7386,84.2719,39.38,97,100,1.79
457,Palaikastron,GR,2022-11-07 02:13:09,35.2,26.25,64.94,75,84,10.11
458,Paungde,MM,2022-11-07 02:13:09,18.4833,95.5,75.97,76,0,4.56
459,Skagen,DK,2022-11-07 02:13:10,57.7209,10.5839,48.96,85,100,26.66
460,Marsa Matruh,EG,2022-11-07 02:13:10,31.3525,27.2453,67.75,56,1,15.9
461,Suixi,CN,2022-11-07 02:13:11,33.8907,116.7747,66.45,33,0,2.08
462,The Valley,AI,2022-11-07 02:10:01,18.217,-63.0578,81.1,79,100,21.03
463,Prescott,US,2022-11-07 02:13:11,34.54,-112.4685,52.03,44,0,5.75
464,Puerto Escondido,MX,2022-11-07 02:13:12,15.85,-97.0667,81.43,61,75,3.44
465,Kavieng,PG,2022-11-07 02:13:12,-2.5744,150.7967,85.46,66,100,7.2
466,Rio Gallegos,AR,2022-11-07 02:13:12,-51.6226,-69.2181,59.05,58,0,2.3
467,Araouane,ML,2022-11-07 02:13:13,18.9048,-3.5265,74.57,18,0,9.31
468,Gorele,TR,2022-11-07 02:13:13,41.0308,39.0031,55.56,67,100,4.65
469,Madang,PG,2022-11-07 02:13:13,-5.2246,145.7966,86.92,65,48,6.76
470,Buala,SB,2022-11-07 02:13:14,-8.145,159.5921,81.75,80,87,10.8
471,Outjo,NA,2022-11-07 02:13:14,-20.1167,16.15,57.63,75,67,8.48
472,Dobson,US,2022-11-07 02:12:45,36.3957,-80.7226,69.69,99,100,0.0
473,Westport,US,2022-11-07 02:13:15,41.1415,-73.3579,68.31,86,100,8.05
474,Tautira,PF,2022-11-07 02:13:15,-17.7333,-149.15,75.69,86,100,23.24
475,Shelburne,CA,2022-11-07 02:13:15,44.0787,-80.2041,53.11,70,56,15.84
476,Tocopilla,CL,2022-11-07 02:13:16,-22.092,-70.1979,63.52,72,36,6.22
477,Riyadh,SA,2022-11-07 02:10:00,24.6877,46.7219,68.14,32,14,6.29
478,Constitucion,CL,2022-11-07 02:13:16,-35.3333,-72.4167,51.66,90,84,11.63
479,Alenquer,BR,2022-11-07 02:13:17,-1.9417,-54.7383,75.83,90,99,2.57
480,Shimoda,JP,2022-11-07 02:13:17,34.6667,138.95,57.11,88,100,9.75
481,Lorengau,PG,2022-11-07 02:13:18,-2.0226,147.2712,83.89,75,83,6.2
482,Abu Kamal,SY,2022-11-07 02:13:18,34.4506,40.9171,64.4,35,1,6.44
483,Baykit,RU,2022-11-07 02:13:18,61.67,96.37,21.38,95,100,1.36
484,La Rioja,ES,2022-11-07 02:13:19,42.25,-2.5,31.78,86,100,7.14
485,Chontalpa,MX,2022-11-07 02:13:19,17.7,-93.5167,75.79,92,21,2.37
486,Flin Flon,CA,2022-11-07 02:10:06,54.7682,-101.865,12.2,90,100,12.88
487,Boende,CD,2022-11-07 02:13:20,-0.2167,20.8667,69.53,99,98,1.03
488,Mantua,IT,2022-11-07 02:13:20,45.1667,10.7833,45.21,87,44,1.99
489,Dawei,MM,2022-11-07 02:13:20,14.0833,98.2,82.42,61,22,4.43
490,Lazaro Cardenas,MX,2022-11-07 02:13:21,17.9583,-102.2,78.22,85,0,6.2
491,San-Pedro,CI,2022-11-07 02:13:21,4.7485,-6.6363,76.44,89,76,1.66
492,Providencia,MX,2022-11-07 02:13:22,28.7167,-111.5833,68.2,47,0,6.42
493,El Doncello,CO,2022-11-07 02:13:22,1.6782,-75.2847,70.72,89,30,4.18
494,Tecoanapa,MX,2022-11-07 02:13:22,16.5167,-98.75,80.94,81,2,5.14
495,Lavrentiya,RU,2022-11-07 02:13:23,65.5833,-171.0,33.76,99,100,10.67
496,Bagotville,AU,2022-11-07 02:13:23,-28.9833,153.4167,73.85,58,38,9.78
497,Puerto Quijarro,BO,2022-11-07 02:13:24,-17.7833,-57.7667,74.14,32,0,3.67
498,Sorland,NO,2022-11-07 02:13:24,67.667,12.6934,42.66,63,2,21.34
499,Ifanadiana,MG,2022-11-07 02:13:25,-21.3,47.6333,66.13,99,100,1.79
500,Korla,CN,2022-11-07 02:13:25,41.7597,86.1469,48.81,39,68,3.51
501,Quetigny,FR,2022-11-07 02:12:11,47.3167,5.1167,49.95,87,0,9.22
502,Gigmoto,PH,2022-11-07 02:14:25,13.7796,124.39,83.08,78,100,8.46
503,Nicolas Bravo,MX,2022-11-07 02:14:26,18.45,-88.9167,72.32,94,39,3.83
504,Trinidad,BO,2022-11-07 02:14:26,-14.8333,-64.9,72.14,49,0,3.67
505,Linxia,CN,2022-11-07 02:14:26,35.6003,103.2064,44.62,61,100,1.52
506,Lata,PT,2022-11-07 02:14:27,40.1629,-8.3327,54.07,96,90,2.17
507,Kanniyakumari,IN,2022-11-07 02:14:27,8.0833,77.5667,79.03,75,23,12.46
508,Palo Alto,US,2022-11-07 02:09:46,37.4419,-122.143,59.41,71,75,16.11
509,Taksimo,RU,2022-11-07 02:14:28,56.3444,114.8794,18.34,74,92,0.87
510,La Ronge,CA,2022-11-07 02:14:28,55.1001,-105.2842,11.57,86,100,12.91
511,Nuristan,AF,2022-11-07 02:14:28,35.3,70.8333,18.91,73,7,7.72
512,Caohai,CN,2022-11-07 02:14:29,26.8661,104.2841,50.76,86,44,5.03
513,Fort-Shevchenko,KZ,2022-11-07 02:14:29,44.5086,50.263,43.05,69,100,14.9
514,Antsohihy,MG,2022-11-07 02:14:29,-14.8796,47.9875,74.71,81,4,3.49
515,Granadilla De Abona,ES,2022-11-07 02:12:00,28.1188,-16.576,65.98,63,20,13.8
516,The Pas,CA,2022-11-07 02:14:30,53.8251,-101.2541,21.22,79,100,20.71
517,Havoysund,NO,2022-11-07 02:14:30,70.9963,24.6622,37.63,91,100,30.38
518,Mayumba,GA,2022-11-07 02:14:31,-3.432,10.6554,75.27,90,100,4.43
519,Grand Forks,US,2022-11-07 02:09:47,47.9417,-97.4337,29.93,69,20,31.07
520,Narsaq,GL,2022-11-07 02:14:31,60.9167,-46.05,32.22,97,98,2.06
521,Mahibadhoo,MV,2022-11-07 02:14:31,3.7833,72.9667,81.19,78,10,10.92
522,Newport,GB,2022-11-07 02:14:32,51.5877,-2.9984,54.99,86,97,19.15
523,Mao,ES,2022-11-07 02:14:32,39.8885,4.2658,63.16,88,75,3.44
524,Brylivka,UA,2022-11-07 02:14:33,46.4248,33.1472,38.37,84,95,11.36
525,Chkalovskoye,RU,2022-11-07 02:14:33,44.8392,133.0436,44.35,68,100,9.51
526,Tipperary,IE,2022-11-07 02:14:33,52.4733,-8.1558,53.06,92,100,14.32
527,Alihe,CN,2022-11-07 02:14:34,50.5667,123.7167,29.48,61,7,5.44
528,Half Moon Bay,US,2022-11-07 02:14:34,37.4636,-122.4286,58.48,76,100,16.11
529,Ixtapa,MX,2022-11-07 02:14:34,20.7,-105.2,78.03,73,40,3.44
530,Libreville,GA,2022-11-07 02:14:35,0.3925,9.4537,75.81,92,100,5.1
531,Omsukchan,RU,2022-11-07 02:14:35,62.5333,155.8,10.83,95,94,6.15
532,Bellavista,PE,2022-11-07 02:14:35,-7.0561,-76.5911,75.67,69,69,0.92
533,Sokolka,PL,2022-11-07 02:14:36,53.4072,23.5023,34.66,94,73,6.38
534,Lasa,IT,2022-11-07 02:14:36,46.6166,10.7002,35.37,51,55,3.29
535,Hope,US,2022-11-07 02:10:40,33.6671,-93.5916,71.65,91,100,4.27
536,Verkhniy Uslon,RU,2022-11-07 02:14:36,55.7701,48.9823,28.62,87,40,6.02
537,Port Augusta,AU,2022-11-07 02:14:37,-32.5,137.7667,86.7,18,0,5.06
538,Cayenne,GF,2022-11-07 02:14:37,4.9333,-52.3333,77.04,94,75,6.91
539,Vagur,FO,2022-11-07 02:14:37,61.4732,-6.8119,49.05,89,82,17.07
